experiment_name,version,response
Experiment A,since feeling is first,"{'0': [2], '1': [2], '2': [{'emotion1': 'Beauty', 'emotion2': 'Joy'}, {'emotion1': 'Beauty', 'emotion2': 'Joy'}, {'emotion1': 'Vitality', 'emotion2': None}], '3': [1, 'Sadness']}"
Experiment A,How Do I Love Thee? (Sonnet 43),"{'0': [{'emotion1': 'Beauty', 'emotion2': 'Joy'}, {'emotion1': 'Beauty', 'emotion2': 'Joy'}, {'emotion1': 'Beauty', 'emotion2': 'Joy'}, {'emotion1': 'Beauty', 'emotion2': 'Joy'}, {'emotion1': 'Beauty', 'emotion2': 'Joy'}, {'emotion1': 'Beauty', 'emotion2': 'Joy'}, {'emotion1': 'Beauty', 'emotion2': 'Joy'}, {'emotion1': 'Beauty', 'emotion2': 'Joy'}, {'emotion1': 'Nostalgia', 'emotion2': 'Beauty', 'emotion3': 'Joy'}, {'emotion1': 'Nostalgia', 'emotion2': 'Beauty', 'emotion3': 'Joy'}, {'emotion1': 'Nostalgia', 'emotion2': 'Beauty', 'emotion3': 'Joy'}, {'emotion1': 'Beauty', 'emotion2': 'Joy'}, {'emotion1': 'Beauty', 'emotion2': 'Joy'}]}"
Experiment A,The Good-Morrow,"{'0': [2], '1': [2], '2': [2]}"
Experiment A,Happy the man,{'0': [1]}
Experiment A,ON MR . GAY,"{'0': [{'emotion1': 'Beauty', 'emotion2': 'Joy'}, {'emotion1': 'Beauty', 'emotion2': 'Joy'}, {'emotion1': 'Beauty', 'emotion2': 'Joy'}, {'emotion1': 'Beauty', 'emotion2': 'Joy'}, {'emotion1': 'Vitality'}, {'emotion1': 'Vitality'}, {'emotion1': 'Beauty', 'emotion2': 'Joy'}, {'emotion1': 'Beauty', 'emotion2': 'Joy'}, {'emotion1': 'Sadness'}, {'emotion1': 'Beauty', 'emotion2': 'Joy'}, {'emotion1': 'Beauty', 'emotion2': 'Joy'}, {'emotion1': 'Beauty', 'emotion2': 'Joy'}, {'emotion1': 'Sadness'}]}"
Experiment A,TO —.,"{'0': [{'emotion1': 'Sadness', 'emotion2': None}, {'emotion1': 'Beauty/Joy', 'emotion2': None}, {'emotion1': 'Sadness', 'emotion2': None}, {'emotion1': 'Beauty/Joy', 'emotion2': None}], '1': [{'emotion1': 'Sadness', 'emotion2': None}, {'emotion1': 'Beauty', 'emotion2': 'Joy'}, {'emotion1': 'Sadness', 'emotion2': None}, {'emotion1': 'Beauty', 'emotion2': 'Joy'}]}"
Experiment A,"STANZAS WRITTEN IN DEJECTION , NEAR NAPLES .","{'0': [{'emotion1': 'Beauty', 'emotion2': 'Joy'}, {'emotion1': 'Beauty', 'emotion2': 'Joy'}, {'emotion1': 'Beauty', 'emotion2': 'Joy'}, {'emotion1': 'Awe', 'emotion2': 'Sublime'}, {'emotion1': 'Beauty', 'emotion2': 'Joy'}, {'emotion1': 'Beauty', 'emotion2': 'Joy'}, {'emotion1': 'Beauty', 'emotion2': 'Joy'}, {'emotion1': 'Beauty', 'emotion2': 'Joy'}, {'emotion1': 'Beauty', 'emotion2': 'Joy'}], '1': [{'emotion1': 'Beauty', 'emotion2': 'Joy'}, {'emotion1': 'Beauty', 'emotion2': 'Joy'}, {'emotion1': 'Beauty', 'emotion2': 'Joy'}, {'emotion1': 'Awe', 'emotion2': 'Sublime'}, {'emotion1': 'Beauty', 'emotion2': 'Joy'}, {'emotion1': 'Awe', 'emotion2': 'Sublime'}, {'emotion1': 'Beauty', 'emotion2': 'Joy'}, {'emotion1': 'Beauty', 'emotion2': 'Joy'}, {'emotion1': 'Beauty', 'emotion2': 'Joy'}], '2': [{'emotion1': 'Sadness', 'emotion2': None}, {'emotion1': 'Sadness', 'emotion2': None}, {'emotion1': 'Sadness', 'emotion2': None}, {'emotion1': 'Sadness', 'emotion2': None}, {'emotion1': 'Sadness', 'emotion2': None}, {'emotion1': 'Sadness', 'emotion2': None}, {'emotion1': 'Nostalgia', 'emotion2': 'Sadness'}, {'emotion1': 'Nostalgia', 'emotion2': 'Sadness'}, {'emotion1': 'Sadness', 'emotion2': None}], '3': [2], '4': [{'emotion1': 'Sadness', 'emotion2': None}, {'emotion1': 'Sadness', 'emotion2': 'Nostalgia'}, {'emotion1': 'Sadness', 'emotion2': None}, {'emotion1': 'Sadness', 'emotion2': None}, {'emotion1': 'Sadness', 'emotion2': None}, {'emotion1': 'Beauty/Joy', 'emotion2': None}, {'emotion1': 'Beauty/Joy', 'emotion2': None}, {'emotion1': 'Beauty/Joy', 'emotion2': 'Nostalgia'}]}"
Experiment A,"BREAK , BREAK , BREAK .","{'0': [{'emotion1': 'Sadness', 'emotion2': None}, {'emotion1': 'Sadness', 'emotion2': None}, {'emotion1': 'Sadness', 'emotion2': None}, {'emotion1': 'Sadness', 'emotion2': None}], '1': [{'emotion1': 'Beauty', 'emotion2': 'Joy'}, {'emotion1': 'Beauty', 'emotion2': 'Joy'}, {'emotion1': 'Beauty', 'emotion2': 'Joy'}, {'emotion1': 'Beauty', 'emotion2': 'Joy'}], '2': [2], '3': [{'emotion1': 'Sadness', 'emotion2': None}, {'emotion1': 'Beauty', 'emotion2': 'Joy'}, {'emotion1': 'Nostalgia', 'emotion2': 'Sadness'}, {'emotion1': 'Nostalgia', 'emotion2': 'Sadness'}]}"
Experiment A,"The White Man""s Burden","{'0': [{'emotion1': 'Uneasiness', 'emotion2': None}, {'emotion1': 'Uneasiness', 'emotion2': None}, {'emotion1': 'Uneasiness', 'emotion2': None}, {'emotion1': 'Uneasiness', 'emotion2': None}, {'emotion1': 'Uneasiness', 'emotion2': None}, {'emotion1': 'Uneasiness', 'emotion2': None}, {'emotion1': 'Uneasiness', 'emotion2': None}, {'emotion1': 'Uneasiness', 'emotion2': None}, {'emotion1': 'Suspense', 'emotion2': None}, {'emotion1': 'Uneasiness', 'emotion2': None}, {'emotion1': 'Uneasiness', 'emotion2': None}, {'emotion1': 'Uneasiness', 'emotion2': None}, {'emotion1': 'Suspense', 'emotion2': None}, {'emotion1': 'Suspense', 'emotion2': None}, {'emotion1': 'Suspense', 'emotion2': None}, {'emotion1': 'Suspense', 'emotion2': None}], '1': [{'emotion1': 'Uneasiness', 'emotion2': None}, {'emotion1': 'Uneasiness', 'emotion2': None}, {'emotion1': 'Uneasiness', 'emotion2': None}, {'emotion1': 'Uneasiness', 'emotion2': None}, {'emotion1': 'Suspense', 'emotion2': None}, {'emotion1': 'Suspense', 'emotion2': None}, {'emotion1': 'Uneasiness', 'emotion2': None}, {'emotion1': 'Uneasiness', 'emotion2': None}], '2': [{'emotion1': 'Uneasiness'}, {'emotion1': 'Uneasiness'}, {'emotion1': 'Uneasiness'}, {'emotion1': 'Uneasiness'}, {'emotion1': 'Suspense'}, {'emotion1': 'Suspense'}, {'emotion1': 'Vitality'}, {'emotion1': 'Uneasiness'}], '3': [2], '4': [{'emotion1': 'Uneasiness', 'emotion2': None}, {'emotion1': 'Uneasiness', 'emotion2': None}, {'emotion1': 'Suspense', 'emotion2': None}, {'emotion1': 'Sadness', 'emotion2': None}, {'emotion1': 'Suspense', 'emotion2': None}, {'emotion1': 'Suspense', 'emotion2': None}, {'emotion1': 'Uneasiness', 'emotion2': None}, {'emotion1': 'Uneasiness', 'emotion2': None}], '5': [{'emotion1': 'Uneasiness', 'emotion2': None}, {'emotion1': 'Uneasiness', 'emotion2': None}, {'emotion1': 'Sadness', 'emotion2': None}, {'emotion1': 'Sadness', 'emotion2': None}, {'emotion1': 'Suspense', 'emotion2': None}, {'emotion1': 'Sadness', 'emotion2': None}, {'emotion1': 'Uneasiness', 'emotion2': None}, {'emotion1': 'Suspense', 'emotion2': None}]}"
Experiment A,The Way through the Woods,"{'0': [{'emotion1': 'Sadness', 'emotion2': 'Nostalgia'}, {'emotion1': 'Sadness', 'emotion2': 'Nostalgia'}, {'emotion1': 'Sadness'}, {'emotion1': 'Sadness'}, {'emotion1': 'Sadness', 'emotion2': 'Nostalgia'}, {'emotion1': 'Sadness', 'emotion2': 'Nostalgia'}, {'emotion1': 'Beauty/Joy'}, {'emotion1': 'Beauty/Joy'}, {'emotion1': 'Suspense'}, {'emotion1': 'Beauty/Joy'}, {'emotion1': 'Beauty/Joy'}, {'emotion1': 'Sadness', 'emotion2': 'Nostalgia'}], '1': [1]}"
Experiment A,THE SICK ROSE,"{'0': [{'emotion1': 'Sadness', 'emotion2': None}, {'emotion1': 'Uneasiness', 'emotion2': None}, {'emotion1': 'Uneasiness', 'emotion2': None}, {'emotion1': 'Uneasiness', 'emotion2': None}], '1': [{'emotion1': 'Uneasiness', 'emotion2': None}, {'emotion1': 'Uneasiness', 'emotion2': None}, {'emotion1': 'Uneasiness', 'emotion2': None}, {'emotion1': 'Sadness', 'emotion2': 'Uneasiness'}]}"
Experiment A,A POISON TREE,"{'0': [{'emotion1': 'Annoyance'}, {'emotion1': 'Annoyance'}, {'emotion1': 'Annoyance'}, {'emotion1': 'Annoyance'}], '1': [{'emotion1': 'Sadness', 'emotion2': None}, {'emotion1': 'Sadness', 'emotion2': None}, {'emotion1': 'Beauty/Joy', 'emotion2': None}, {'emotion1': 'Annoyance', 'emotion2': None}]}"
Experiment A,"Composed Upon Westminster Bridge, September 3, 1802","{'0': [{'emotion1': 'Beauty', 'emotion2': 'Joy'}, {'emotion1': 'Beauty', 'emotion2': 'Joy'}, {'emotion1': 'Awe', 'emotion2': 'Sublime'}, {'emotion1': 'Beauty', 'emotion2': 'Joy'}, {'emotion1': 'Beauty', 'emotion2': 'Joy'}, {'emotion1': 'Beauty', 'emotion2': 'Joy'}, {'emotion1': 'Beauty', 'emotion2': 'Joy'}, {'emotion1': 'Beauty', 'emotion2': 'Joy'}, {'emotion1': 'Awe', 'emotion2': 'Sublime'}, {'emotion1': 'Awe', 'emotion2': 'Sublime'}, {'emotion1': 'Beauty', 'emotion2': 'Joy'}, {'emotion1': 'Beauty', 'emotion2': 'Joy'}, {'emotion1': 'Beauty', 'emotion2': 'Joy'}]}"
Experiment A,The Rainbow,{'0': [2]}
Experiment A,Grief,"{'0': [{'emotion1': 'Sadness', 'emotion2': None}, {'emotion1': 'Sadness', 'emotion2': None}, {'emotion1': 'Sadness', 'emotion2': None}, {'emotion1': 'Awe/Sublime', 'emotion2': None}, {'emotion1': 'Sadness', 'emotion2': None}, {'emotion1': 'Sadness', 'emotion2': None}, {'emotion1': 'Uneasiness', 'emotion2': None}, {'emotion1': 'Sadness', 'emotion2': None}, {'emotion1': 'Sadness', 'emotion2': None}, {'emotion1': 'Sadness', 'emotion2': None}, {'emotion1': 'Sadness', 'emotion2': None}, {'emotion1': 'Sadness', 'emotion2': None}, {'emotion1': 'Sadness', 'emotion2': None}, {'emotion1': 'Vitality', 'emotion2': None}]}"
Experiment A,Sonnet XXIV,"{'0': [{'emotion1': 'Uneasiness', 'emotion2': None}, {'emotion1': 'Beauty', 'emotion2': 'Joy'}, {'emotion1': 'Beauty', 'emotion2': 'Joy'}, {'emotion1': 'Beauty', 'emotion2': 'Joy'}, {'emotion1': 'Beauty', 'emotion2': 'Joy'}, {'emotion1': 'Beauty', 'emotion2': 'Joy'}, {'emotion1': 'Beauty', 'emotion2': 'Joy'}, {'emotion1': 'Uneasiness', 'emotion2': None}, {'emotion1': 'Beauty', 'emotion2': 'Joy'}, {'emotion1': 'Beauty', 'emotion2': 'Joy'}, {'emotion1': 'Beauty', 'emotion2': 'Joy'}, {'emotion1': 'Awe', 'emotion2': 'Sublime'}, {'emotion1': 'Awe', 'emotion2': 'Sublime'}, {'emotion1': 'Sadness', 'emotion2': None}, {'emotion1': 'Sadness', 'emotion2': None}]}"
Experiment A,"AH, how sweet it is to love!","{'0': [{'emotion1': 'Beauty', 'emotion2': 'Joy'}, {'emotion1': 'Beauty', 'emotion2': 'Joy'}, {'emotion1': 'Beauty', 'emotion2': 'Joy'}, {'emotion1': 'Beauty', 'emotion2': 'Joy'}, {'emotion1': 'Beauty', 'emotion2': 'Joy'}, {'emotion1': 'Beauty', 'emotion2': 'Joy'}], '1': [{'emotion1': 'Beauty', 'emotion2': 'Joy'}, {'emotion1': 'Beauty', 'emotion2': 'Joy'}, {'emotion1': 'Sadness'}, {'emotion1': 'Beauty', 'emotion2': 'Joy'}, {'emotion1': 'Sadness'}, {'emotion1': 'Sadness'}], '2': [2], '3': [{'emotion1': 'Beauty', 'emotion2': 'Joy'}, {'emotion1': 'Beauty', 'emotion2': 'Joy'}, {'emotion1': 'Sadness'}, {'emotion1': 'Sadness'}, {'emotion1': 'Nostalgia', 'emotion2': 'Sadness'}, {'emotion1': 'Sadness'}]}"
Experiment A,"A SONG FOR ST CECILIA ""S DAY","{'0': [{'emotion1': 'Awe/Sublime', 'emotion2': 'Awe/Sublime'}, {'emotion1': 'Awe/Sublime', 'emotion2': None}, {'emotion1': 'Sadness', 'emotion2': None}, {'emotion1': 'Sadness', 'emotion2': None}, {'emotion1': 'Sadness', 'emotion2': None}, {'emotion1': 'Awe/Sublime', 'emotion2': 'Vitality'}, {'emotion1': 'Beauty/Joy', 'emotion2': 'Beauty/Joy'}, {'emotion1': 'Beauty/Joy', 'emotion2': 'Beauty/Joy'}, {'emotion1': 'Awe/Sublime', 'emotion2': None}, {'emotion1': 'Awe/Sublime', 'emotion2': 'Awe/Sublime'}, {'emotion1': 'Awe/Sublime', 'emotion2': None}, {'emotion1': 'Beauty/Joy', 'emotion2': 'Beauty/Joy'}, {'emotion1': 'Awe/Sublime', 'emotion2': None}, {'emotion1': 'Awe/Sublime', 'emotion2': None}], '1': [{'emotion1': 'Awe/Sublime', 'emotion2': 'Sublime'}, {'emotion1': 'Awe/Sublime', 'emotion2': 'Sublime'}, {'emotion1': 'Beauty', 'emotion2': 'Joy'}, {'emotion1': 'Beauty', 'emotion2': 'Joy'}, {'emotion1': 'Awe/Sublime', 'emotion2': 'Sublime'}, {'emotion1': 'Awe/Sublime', 'emotion2': 'Sublime'}, {'emotion1': 'Beauty', 'emotion2': 'Joy'}, {'emotion1': 'Beauty', 'emotion2': 'Joy'}, {'emotion1': 'Awe/Sublime', 'emotion2': 'Sublime'}], '2': [2], '3': [{'emotion1': 'Beauty', 'emotion2': 'Joy'}, {'emotion1': 'Sadness'}, {'emotion1': 'Sadness'}, {'emotion1': 'Beauty', 'emotion2': 'Joy'}], '4': [2], '5': [2], '6': [{'emotion1': 'Awe', 'emotion2': 'Sublime'}, {'emotion1': 'Awe', 'emotion2': 'Sublime'}, {'emotion1': 'Awe', 'emotion2': 'Sublime'}, {'emotion1': 'Awe', 'emotion2': 'Sublime'}, {'emotion1': 'Beauty', 'emotion2': 'Joy'}, {'emotion1': 'Awe', 'emotion2': 'Sublime'}, {'emotion1': 'Awe', 'emotion2': 'Sublime'}]}"
Experiment A,MUTABILITY .,"{'0': [{'emotion1': 'Beauty', 'emotion2': 'Joy'}, {'emotion1': 'Sadness'}, {'emotion1': 'Sadness'}, {'emotion1': 'Sadness'}, {'emotion1': 'Suspense'}, {'emotion1': 'Awe', 'emotion2': 'Sublime'}, {'emotion1': 'Beauty', 'emotion2': 'Joy'}], '1': [{'emotion1': 'Sadness', 'emotion2': None}, {'emotion1': 'Sadness', 'emotion2': None}, {'emotion1': 'Sadness', 'emotion2': None}, {'emotion1': 'Sadness', 'emotion2': None}, {'emotion1': 'Vitality', 'emotion2': None}, {'emotion1': 'Vitality', 'emotion2': None}, {'emotion1': 'Beauty', 'emotion2': 'Joy'}], '2': [{'emotion1': 'Beauty', 'emotion2': 'Joy'}, {'emotion1': 'Beauty', 'emotion2': 'Joy'}, {'emotion1': 'Sadness'}, {'emotion1': 'Beauty', 'emotion2': 'Joy'}, {'emotion1': 'Beauty', 'emotion2': 'Joy'}, {'emotion1': 'Vitality'}, {'emotion1': 'Sadness'}]}"
Experiment A,"John Anderson , My Jo","{'0': [{'emotion1': 'Beauty', 'emotion2': 'Joy'}, {'emotion1': 'Nostalgia', 'emotion2': 'Beauty/Joy'}, {'emotion1': 'Beauty', 'emotion2': 'Joy'}, {'emotion1': 'Beauty', 'emotion2': 'Joy'}, {'emotion1': 'Sadness'}, {'emotion1': 'Sadness'}, {'emotion1': 'Beauty', 'emotion2': 'Joy'}, {'emotion1': 'Nostalgia', 'emotion2': 'Beauty/Joy'}], '1': [{'emotion1': 'Beauty', 'emotion2': 'Joy'}, {'emotion1': 'Beauty', 'emotion2': 'Joy'}, {'emotion1': 'Beauty', 'emotion2': 'Joy'}, {'emotion1': 'Beauty', 'emotion2': 'Joy'}, {'emotion1': 'Sadness', 'emotion2': None}, {'emotion1': 'Beauty', 'emotion2': 'Joy'}, {'emotion1': 'Beauty', 'emotion2': 'Joy'}, {'emotion1': 'Beauty', 'emotion2': 'Joy'}]}"
Experiment A,Sonnet CXXIX,"{'0': [{'emotion1': 'Sadness', 'emotion2': 'Annoyance'}, {'emotion1': 'Annoyance'}, {'emotion1': 'Annoyance'}, {'emotion1': 'Annoyance'}, {'emotion1': 'Sadness'}, {'emotion1': 'Sadness'}, {'emotion1': 'Annoyance'}, {'emotion1': 'Annoyance'}, {'emotion1': 'Annoyance'}, {'emotion1': 'Annoyance'}, {'emotion1': 'Sadness'}, {'emotion1': 'Sadness'}, {'emotion1': 'Uneasiness'}, {'emotion1': 'Uneasiness'}]}"
Experiment A,The Passionate Pilgrim I .,"{'0': [{'emotion1': 'Beauty', 'emotion2': 'Joy'}, {'emotion1': 'Humor'}, {'emotion1': 'Beauty', 'emotion2': 'Joy'}, {'emotion1': 'Uneasiness'}, {'emotion1': 'Humor'}, {'emotion1': 'Sadness'}, {'emotion1': 'Beauty', 'emotion2': 'Joy'}, {'emotion1': 'Vitality'}, {'emotion1': 'Suspense'}, {'emotion1': 'Sadness'}, {'emotion1': 'Beauty', 'emotion2': 'Joy'}, {'emotion1': 'Vitality'}, {'emotion1': 'Beauty', 'emotion2': 'Joy'}, {'emotion1': 'Vitality'}]}"
Experiment A,Crossing the Bar,"{'0': [1], '1': [2], '2': [1], '3': [2]}"
Experiment A,THE TYGER,"{'0': [2], '1': [2], '2': [2], '3': [2], '4': [2], '5': [2]}"
Experiment A,Leda and the Swan,"{'0': [{'emotion1': 'Suspense', 'emotion2': None}, {'emotion1': 'Uneasiness', 'emotion2': None}, {'emotion1': 'Uneasiness', 'emotion2': None}, {'emotion1': 'Uneasiness', 'emotion2': None}], '1': [2], '2': [{'emotion1': 'Uneasiness', 'emotion2': None}, {'emotion1': 'Uneasiness', 'emotion2': None}, {'emotion1': 'Sadness', 'emotion2': 'Uneasiness'}, {'emotion1': 'Suspense', 'emotion2': None}, {'emotion1': 'Suspense', 'emotion2': None}, {'emotion1': 'Suspense', 'emotion2': None}]}"
Experiment A,THE CHARGE OF THE LIGHT BRIGADE .,"{'0': [{'emotion1': 'Suspense', 'emotion2': None}, {'emotion1': 'Suspense', 'emotion2': None}, {'emotion1': 'Awe/Sublime', 'emotion2': None}, {'emotion1': 'Awe/Sublime', 'emotion2': None}, {'emotion1': 'Vitality', 'emotion2': None}, {'emotion1': 'Vitality', 'emotion2': None}, {'emotion1': 'Awe/Sublime', 'emotion2': None}, {'emotion1': 'Awe/Sublime', 'emotion2': None}], '1': [{'emotion1': 'Vitality', 'emotion2': None}, {'emotion1': 'Sadness', 'emotion2': None}, {'emotion1': 'Suspense', 'emotion2': None}, {'emotion1': 'Uneasiness', 'emotion2': None}, {'emotion1': 'Vitality', 'emotion2': None}, {'emotion1': 'Vitality', 'emotion2': None}, {'emotion1': 'Vitality', 'emotion2': None}, {'emotion1': 'Awe/Sublime', 'emotion2': 'Awe/Sublime'}, {'emotion1': 'Awe/Sublime', 'emotion2': 'Awe/Sublime'}], '2': [{'emotion1': 'Suspense', 'emotion2': None}, {'emotion1': 'Suspense', 'emotion2': None}, {'emotion1': 'Suspense', 'emotion2': None}, {'emotion1': 'Uneasiness', 'emotion2': None}, {'emotion1': 'Uneasiness', 'emotion2': None}, {'emotion1': 'Vitality', 'emotion2': None}, {'emotion1': 'Awe/Sublime', 'emotion2': None}, {'emotion1': 'Awe/Sublime', 'emotion2': None}, {'emotion1': 'Awe/Sublime', 'emotion2': None}], '3': [{'emotion1': 'Vitality', 'emotion2': None}, {'emotion1': 'Vitality', 'emotion2': None}, {'emotion1': 'Vitality', 'emotion2': None}, {'emotion1': 'Vitality', 'emotion2': None}, {'emotion1': 'Awe/Sublime', 'emotion2': None}, {'emotion1': 'Uneasiness', 'emotion2': None}, {'emotion1': 'Uneasiness', 'emotion2': None}, {'emotion1': 'Uneasiness', 'emotion2': None}, {'emotion1': 'Uneasiness', 'emotion2': None}, {'emotion1': 'Sadness', 'emotion2': None}, {'emotion1': 'Sadness', 'emotion2': None}], '4': [{'emotion1': 'Uneasiness', 'emotion2': None}, {'emotion1': 'Uneasiness', 'emotion2': None}, {'emotion1': 'Uneasiness', 'emotion2': None}, {'emotion1': 'Vitality', 'emotion2': None}, {'emotion1': 'Vitality', 'emotion2': None}, {'emotion1': 'Sadness', 'emotion2': None}, {'emotion1': 'Vitality', 'emotion2': None}, {'emotion1': 'Awe/Sublime', 'emotion2': None}, {'emotion1': 'Awe/Sublime', 'emotion2': None}, {'emotion1': 'Sadness', 'emotion2': None}, {'emotion1': 'Sadness', 'emotion2': None}], '5': [2]}"
Experiment A,THE MYSTERY OF PAIN .,"{'0': [{'emotion1': 'Sadness', 'emotion2': None}, {'emotion1': 'Sadness', 'emotion2': None}, {'emotion1': 'Sadness', 'emotion2': None}, {'emotion1': 'Sadness', 'emotion2': None}], '1': [{'emotion1': 'Sadness', 'emotion2': None}, {'emotion1': 'Sadness', 'emotion2': None}, {'emotion1': 'Sadness', 'emotion2': None}, {'emotion1': 'Sadness', 'emotion2': None}]}"
Experiment A,I taste a liquor never brewed,"{'0': [2], '1': [2], '2': [2], '3': [2]}"
Experiment A,"Bright star, would I were stedfast as thou art-”","{'0': [{'emotion1': 'Awe', 'emotion2': 'Sublime'}, {'emotion1': 'Awe', 'emotion2': 'Sublime'}, {'emotion1': 'Awe', 'emotion2': 'Sublime'}, {'emotion1': 'Awe', 'emotion2': 'Sublime'}, {'emotion1': 'Awe', 'emotion2': 'Sublime'}, {'emotion1': 'Awe', 'emotion2': 'Sublime'}, {'emotion1': 'Awe', 'emotion2': 'Sublime'}, {'emotion1': 'Awe', 'emotion2': 'Sublime'}, {'emotion1': 'Beauty', 'emotion2': 'Joy'}, {'emotion1': 'Beauty', 'emotion2': 'Joy'}, {'emotion1': 'Beauty', 'emotion2': 'Joy'}, {'emotion1': 'Beauty', 'emotion2': 'Joy'}, {'emotion1': 'Beauty', 'emotion2': 'Joy'}, {'emotion1': 'Sadness'}]}"
Experiment A,On Seeing the Elgin Marbles”,"{'0': [{'emotion1': 'Sadness', 'emotion2': None}, {'emotion1': 'Sadness', 'emotion2': None}, {'emotion1': 'Awe/Sublime', 'emotion2': None}, {'emotion1': 'Sadness', 'emotion2': None}, {'emotion1': 'Sadness', 'emotion2': None}, {'emotion1': 'Beauty/Joy', 'emotion2': None}, {'emotion1': 'Beauty/Joy', 'emotion2': None}, {'emotion1': 'Beauty/Joy', 'emotion2': None}, {'emotion1': 'Awe/Sublime', 'emotion2': None}, {'emotion1': 'Uneasiness', 'emotion2': None}, {'emotion1': 'Uneasiness', 'emotion2': None}, {'emotion1': 'Awe/Sublime', 'emotion2': None}, {'emotion1': 'Awe/Sublime', 'emotion2': None}, {'emotion1': 'Awe/Sublime', 'emotion2': None}]}"
Experiment A,The Banks O ’ Doon — Second Version,"{'0': [{'emotion1': 'Beauty', 'emotion2': 'Joy'}, {'emotion1': 'Beauty', 'emotion2': 'Joy'}, {'emotion1': 'Beauty', 'emotion2': 'Joy'}, {'emotion1': 'Sadness'}, {'emotion1': 'Sadness'}, {'emotion1': 'Sadness', 'emotion2': 'Nostalgia'}, {'emotion1': 'Sadness', 'emotion2': 'Nostalgia'}, {'emotion1': 'Sadness'}, {'emotion1': 'Sadness', 'emotion2': 'Nostalgia'}], '1': [{'emotion1': 'Beauty', 'emotion2': 'Joy'}, {'emotion1': 'Beauty', 'emotion2': 'Joy'}, {'emotion1': 'Beauty', 'emotion2': 'Joy'}, {'emotion1': 'Beauty', 'emotion2': 'Joy'}, {'emotion1': 'Beauty', 'emotion2': 'Joy'}, {'emotion1': 'Beauty', 'emotion2': 'Joy'}, {'emotion1': 'Sadness'}, {'emotion1': 'Sadness'}, {'emotion1': 'Beauty', 'emotion2': 'Joy'}, {'emotion1': 'Beauty', 'emotion2': 'Joy'}, {'emotion1': 'Nostalgia', 'emotion2': 'Sadness'}]}"
Experiment A,"A Man ""s A Man For A ’ That","{'0': [{'emotion1': 'Beauty', 'emotion2': 'Joy'}, {'emotion1': 'Beauty', 'emotion2': 'Joy'}, {'emotion1': 'Annoyance'}, {'emotion1': 'Vitality'}, {'emotion1': 'Vitality'}, {'emotion1': 'Sadness'}, {'emotion1': 'Annoyance'}, {'emotion1': 'Beauty', 'emotion2': 'Joy'}], '1': [{'emotion1': 'Beauty', 'emotion2': 'Joy'}, {'emotion1': 'Beauty', 'emotion2': 'Joy'}, {'emotion1': 'Annoyance'}, {'emotion1': 'Vitality'}, {'emotion1': 'Vitality'}, {'emotion1': 'Annoyance'}, {'emotion1': 'Beauty', 'emotion2': 'Joy'}, {'emotion1': 'Vitality'}], '2': [{'emotion1': 'Annoyance', 'emotion2': None}, {'emotion1': 'Annoyance', 'emotion2': None}, {'emotion1': 'Sadness', 'emotion2': None}, {'emotion1': 'Annoyance', 'emotion2': None}, {'emotion1': 'Annoyance', 'emotion2': None}, {'emotion1': 'Annoyance', 'emotion2': None}, {'emotion1': 'Vitality', 'emotion2': None}, {'emotion1': 'Vitality', 'emotion2': None}], '3': [{'emotion1': 'Annoyance', 'emotion2': None}, {'emotion1': 'Annoyance', 'emotion2': None}, {'emotion1': 'Vitality', 'emotion2': None}, {'emotion1': 'Vitality', 'emotion2': None}, {'emotion1': 'Annoyance', 'emotion2': None}, {'emotion1': 'Annoyance', 'emotion2': None}, {'emotion1': 'Vitality', 'emotion2': None}, {'emotion1': 'Vitality', 'emotion2': None}], '4': [2]}"
Experiment A,Morning at the Window,"{'0': [2], '1': [{'emotion1': 'Uneasiness', 'emotion2': None}, {'emotion1': 'Uneasiness', 'emotion2': None}, {'emotion1': 'Uneasiness', 'emotion2': None}, {'emotion1': 'Sadness', 'emotion2': None}, {'emotion1': 'Sadness', 'emotion2': None}]}"
Experiment A,Preludes,"{'0': [{'emotion1': 'Sadness', 'emotion2': None}, {'emotion1': 'Beauty', 'emotion2': 'Joy'}, {'emotion1': None, 'emotion2': None}, {'emotion1': 'Sadness', 'emotion2': None}, {'emotion1': 'Uneasiness', 'emotion2': None}, {'emotion1': 'Sadness', 'emotion2': None}, {'emotion1': 'Sadness', 'emotion2': None}, {'emotion1': 'Sadness', 'emotion2': None}, {'emotion1': 'Sadness', 'emotion2': None}, {'emotion1': 'Beauty', 'emotion2': 'Joy'}], '1': [{'emotion1': 'Sadness', 'emotion2': None}, {'emotion1': 'Uneasiness', 'emotion2': None}, {'emotion1': 'Sadness', 'emotion2': None}, {'emotion1': 'Uneasiness', 'emotion2': None}, {'emotion1': 'Beauty/Joy', 'emotion2': None}, {'emotion1': 'Uneasiness', 'emotion2': None}, {'emotion1': 'Sadness', 'emotion2': None}, {'emotion1': 'Sadness', 'emotion2': None}, {'emotion1': 'Sadness', 'emotion2': None}, {'emotion1': 'Sadness', 'emotion2': None}], '2': [{'emotion1': 'Uneasiness', 'emotion2': None}, {'emotion1': 'Sadness', 'emotion2': None}, {'emotion1': 'Uneasiness', 'emotion2': None}, {'emotion1': 'Uneasiness', 'emotion2': None}, {'emotion1': 'Sadness', 'emotion2': None}, {'emotion1': 'Uneasiness', 'emotion2': None}, {'emotion1': 'Beauty/Joy', 'emotion2': None}, {'emotion1': 'Beauty/Joy', 'emotion2': None}, {'emotion1': 'Beauty/Joy', 'emotion2': None}, {'emotion1': 'Vitality', 'emotion2': None}, {'emotion1': 'Vitality', 'emotion2': None}, {'emotion1': 'Sadness', 'emotion2': None}, {'emotion1': 'Uneasiness', 'emotion2': None}, {'emotion1': 'Uneasiness', 'emotion2': None}, {'emotion1': 'Uneasiness', 'emotion2': None}], '3': [{'emotion1': 'Awe/Sublime', 'emotion2': 'Sublime'}, {'emotion1': 'Uneasiness', 'emotion2': None}, {'emotion1': 'Uneasiness', 'emotion2': None}, {'emotion1': 'Uneasiness', 'emotion2': None}, {'emotion1': 'Uneasiness', 'emotion2': None}, {'emotion1': 'Uneasiness', 'emotion2': None}, {'emotion1': 'Uneasiness', 'emotion2': None}, {'emotion1': 'Uneasiness', 'emotion2': None}, {'emotion1': 'Vitality', 'emotion2': None}, {'emotion1': 'Beauty/Joy', 'emotion2': 'Joy'}, {'emotion1': 'Beauty/Joy', 'emotion2': 'Joy'}, {'emotion1': 'Beauty/Joy', 'emotion2': 'Joy'}, {'emotion1': 'Sadness', 'emotion2': None}, {'emotion1': 'Humor', 'emotion2': None}, {'emotion1': 'Awe/Sublime', 'emotion2': 'Sublime'}, {'emotion1': 'Uneasiness', 'emotion2': None}]}"
Experiment A,Death,"{'0': [{'emotion1': 'Sadness', 'emotion2': None}, {'emotion1': 'Sadness', 'emotion2': None}, {'emotion1': 'Sadness', 'emotion2': None}, {'emotion1': 'Sadness', 'emotion2': None}, {'emotion1': 'Sadness', 'emotion2': None}, {'emotion1': 'Vitality', 'emotion2': None}, {'emotion1': 'Vitality', 'emotion2': None}, {'emotion1': 'Uneasiness', 'emotion2': None}, {'emotion1': 'Annoyance', 'emotion2': None}, {'emotion1': 'Sadness', 'emotion2': None}, {'emotion1': 'Sadness', 'emotion2': 'Awe/Sublime'}]}"
Experiment A,The Second Coming,"{'0': [{'emotion1': 'Uneasiness', 'emotion2': 'Suspense'}, {'emotion1': 'Uneasiness', 'emotion2': 'Suspense'}, {'emotion1': 'Uneasiness', 'emotion2': 'Suspense'}, {'emotion1': 'Uneasiness', 'emotion2': 'Suspense'}, {'emotion1': 'Uneasiness', 'emotion2': 'Suspense'}, {'emotion1': 'Sadness', 'emotion2': 'Uneasiness'}, {'emotion1': 'Uneasiness', 'emotion2': 'Suspense'}, {'emotion1': 'Uneasiness', 'emotion2': 'Suspense'}], '1': [{'emotion1': 'Suspense', 'emotion2': None}, {'emotion1': 'Suspense', 'emotion2': None}, {'emotion1': 'Uneasiness', 'emotion2': 'Suspense'}, {'emotion1': 'Uneasiness', 'emotion2': 'Suspense'}, {'emotion1': 'Uneasiness', 'emotion2': 'Suspense'}, {'emotion1': 'Uneasiness', 'emotion2': 'Suspense'}, {'emotion1': 'Uneasiness', 'emotion2': 'Suspense'}, {'emotion1': 'Uneasiness', 'emotion2': 'Suspense'}, {'emotion1': 'Sadness', 'emotion2': 'Uneasiness'}, {'emotion1': 'Sadness', 'emotion2': 'Uneasiness'}, {'emotion1': 'Uneasiness', 'emotion2': 'Suspense'}, {'emotion1': 'Uneasiness', 'emotion2': 'Suspense'}, {'emotion1': 'Uneasiness', 'emotion2': 'Suspense'}]}"
Experiment A,An Invective against Gold .,"{'0': [{'emotion1': 'Annoyance', 'emotion2': None}, {'emotion1': 'Annoyance', 'emotion2': None}, {'emotion1': 'Sadness', 'emotion2': 'Annoyance'}, {'emotion1': 'Annoyance', 'emotion2': None}], '1': [{'emotion1': 'Suspense', 'emotion2': None}, {'emotion1': 'Suspense', 'emotion2': None}, {'emotion1': 'Sadness', 'emotion2': None}, {'emotion1': 'Annoyance', 'emotion2': None}, {'emotion1': 'Sadness', 'emotion2': None}, {'emotion1': 'Suspense', 'emotion2': None}, {'emotion1': 'Uneasiness', 'emotion2': None}, {'emotion1': 'Sadness', 'emotion2': None}, {'emotion1': 'Sadness', 'emotion2': None}, {'emotion1': 'Annoyance', 'emotion2': None}], '2': [{'emotion1': 'Sadness', 'emotion2': 'Annoyance'}, {'emotion1': 'Uneasiness', 'emotion2': 'Annoyance'}, {'emotion1': 'Sadness', 'emotion2': 'Annoyance'}, {'emotion1': 'Sadness', 'emotion2': 'Annoyance'}], '3': [{'emotion1': 'Sadness', 'emotion2': 'Annoyance'}, {'emotion1': 'Suspense'}, {'emotion1': 'Sadness'}, {'emotion1': 'Suspense'}, {'emotion1': 'Suspense'}, {'emotion1': 'Annoyance', 'emotion2': 'Sadness'}]}"
Experiment A,"Love , the Soul of Poetry .","{'0': [2], '1': [1], '2': [2]}"
Experiment A,SUCCESS,"{'0': [1], '1': [2], '2': [{'emotion1': 'Sadness', 'emotion2': None}, {'emotion1': 'Sadness', 'emotion2': None}, {'emotion1': 'Uneasiness', 'emotion2': 'Suspense'}, {'emotion1': 'Uneasiness', 'emotion2': 'Suspense'}]}"
Experiment A,I felt a funeral in my brain,"{'0': [{'emotion1': 'Sadness', 'emotion2': None}, {'emotion1': 'Sadness', 'emotion2': None}, {'emotion1': 'Sadness', 'emotion2': None}, {'emotion1': 'Sadness', 'emotion2': None}], '1': [2], '2': [2], '3': [2], '4': [2]}"
Experiment A,On His Blindness,"{'0': [{'emotion1': 'Sadness', 'emotion2': None}, {'emotion1': 'Sadness', 'emotion2': None}, {'emotion1': 'Annoyance', 'emotion2': 'Sadness'}, {'emotion1': 'Sadness', 'emotion2': None}], '1': [{'emotion1': 'Vitality', 'emotion2': None}, {'emotion1': 'Annoyance', 'emotion2': 'Sadness'}, {'emotion1': 'Annoyance', 'emotion2': 'Sadness'}, {'emotion1': 'Vitality', 'emotion2': None}], '2': [2], '3': [2]}"
Experiment A,On His Being Arrived to the Age of Twenty-Three”,"{'0': [{'emotion1': 'Sadness', 'emotion2': None}, {'emotion1': 'Sadness', 'emotion2': None}, {'emotion1': 'Vitality', 'emotion2': None}, {'emotion1': 'Sadness', 'emotion2': None}, {'emotion1': 'Annoyance', 'emotion2': None}, {'emotion1': 'Vitality', 'emotion2': None}, {'emotion1': 'Sadness', 'emotion2': None}, {'emotion1': 'Envy', 'emotion2': 'Annoyance'}, {'emotion1': 'Vitality', 'emotion2': None}, {'emotion1': 'Awe', 'emotion2': 'Sublime'}, {'emotion1': 'Awe', 'emotion2': 'Sublime'}, {'emotion1': 'Awe', 'emotion2': 'Sublime'}, {'emotion1': 'Vitality', 'emotion2': None}, {'emotion1': 'Awe', 'emotion2': 'Sublime'}]}"
Experiment A,Mowing,"{'0': [{'emotion1': 'Beauty', 'emotion2': 'Joy'}, {'emotion1': 'Beauty', 'emotion2': 'Joy'}, {'emotion1': 'Suspense'}, {'emotion1': 'Beauty', 'emotion2': 'Joy'}, {'emotion1': 'Suspense'}, {'emotion1': 'Beauty', 'emotion2': 'Joy'}, {'emotion1': 'Sadness'}, {'emotion1': 'Sadness'}, {'emotion1': 'Vitality'}, {'emotion1': 'Vitality'}, {'emotion1': 'Beauty', 'emotion2': 'Joy'}, {'emotion1': 'Uneasiness'}, {'emotion1': 'Vitality'}, {'emotion1': 'Beauty', 'emotion2': 'Joy'}]}"
Experiment A,Fire and Ice,"{'0': [{'emotion1': 'Suspense', 'emotion2': None}, {'emotion1': 'Suspense', 'emotion2': None}, {'emotion1': 'Annoyance', 'emotion2': None}, {'emotion1': 'Annoyance', 'emotion2': None}, {'emotion1': 'Sadness', 'emotion2': None}, {'emotion1': 'Sadness', 'emotion2': None}, {'emotion1': 'Sadness', 'emotion2': None}, {'emotion1': 'Awe/Sublime', 'emotion2': 'Awe/Sublime'}, {'emotion1': 'Awe/Sublime', 'emotion2': 'Awe/Sublime'}]}"
Experiment A,I Hear America Singing,"{'0': [{'emotion1': 'Beauty', 'emotion2': 'Joy'}, {'emotion1': 'Beauty', 'emotion2': 'Joy'}, {'emotion1': 'Beauty', 'emotion2': 'Joy'}, {'emotion1': 'Beauty', 'emotion2': 'Joy'}, {'emotion1': 'Beauty', 'emotion2': 'Joy'}, {'emotion1': 'Beauty', 'emotion2': 'Joy'}, {'emotion1': 'Beauty', 'emotion2': 'Joy'}, {'emotion1': 'Beauty', 'emotion2': 'Joy'}, {'emotion1': 'Beauty', 'emotion2': 'Joy'}, {'emotion1': 'Beauty', 'emotion2': 'Joy'}, {'emotion1': 'Beauty', 'emotion2': 'Joy'}, {'emotion1': 'Vitality', 'emotion2': None}, {'emotion1': 'Vitality', 'emotion2': None}, {'emotion1': 'Vitality', 'emotion2': None}]}"
Experiment A,O Captain! My Captain!,"{'0': [{'emotion1': 'Sadness', 'emotion2': None}, {'emotion1': 'Beauty/Joy', 'emotion2': None}, {'emotion1': 'Beauty/Joy', 'emotion2': None}, {'emotion1': 'Awe/Sublime', 'emotion2': None}, {'emotion1': 'Sadness', 'emotion2': None}, {'emotion1': 'Sadness', 'emotion2': None}, {'emotion1': 'Sadness', 'emotion2': None}, {'emotion1': 'Sadness', 'emotion2': None}], '1': [{'emotion1': 'Vitality', 'emotion2': None}, {'emotion1': 'Vitality', 'emotion2': None}, {'emotion1': 'Beauty', 'emotion2': 'Joy'}, {'emotion1': 'Beauty', 'emotion2': 'Joy'}, {'emotion1': 'Sadness', 'emotion2': None}, {'emotion1': 'Sadness', 'emotion2': None}, {'emotion1': 'Sadness', 'emotion2': None}, {'emotion1': 'Sadness', 'emotion2': None}], '2': [{'emotion1': 'Sadness', 'emotion2': None}, {'emotion1': 'Sadness', 'emotion2': None}, {'emotion1': 'Vitality', 'emotion2': None}, {'emotion1': 'Vitality', 'emotion2': None}, {'emotion1': 'Beauty', 'emotion2': 'Joy'}, {'emotion1': 'Sadness', 'emotion2': None}, {'emotion1': 'Sadness', 'emotion2': None}, {'emotion1': 'Sadness', 'emotion2': None}]}"
Experiment A,DANSE RUSSE,"{'0': [1], '1': [2]}"
Experiment A,To Waken an Old Lady,"{'0': [{'emotion1': 'Sadness', 'emotion2': None}, {'emotion1': 'Sadness', 'emotion2': None}, {'emotion1': 'Beauty/Joy', 'emotion2': 'Beauty/Joy'}, {'emotion1': 'Beauty/Joy', 'emotion2': 'Beauty/Joy'}, {'emotion1': 'Sadness', 'emotion2': None}, {'emotion1': 'Sadness', 'emotion2': None}, {'emotion1': 'Sadness', 'emotion2': None}, {'emotion1': 'Sadness', 'emotion2': None}, {'emotion1': 'Suspense', 'emotion2': None}, {'emotion1': 'Uneasiness', 'emotion2': None}, {'emotion1': 'Beauty/Joy', 'emotion2': 'Beauty/Joy'}, {'emotion1': 'Sadness', 'emotion2': 'Sadness'}, {'emotion1': 'Beauty/Joy', 'emotion2': 'Beauty/Joy'}, {'emotion1': 'Beauty/Joy', 'emotion2': 'Beauty/Joy'}]}"
Experiment A,My Love Is Like To Ice,"{'0': [{'emotion1': 'Beauty', 'emotion2': 'Joy'}, {'emotion1': 'Beauty', 'emotion2': 'Joy'}, {'emotion1': 'Beauty', 'emotion2': 'Joy'}, {'emotion1': 'Beauty', 'emotion2': 'Joy'}, {'emotion1': 'Beauty', 'emotion2': 'Joy'}, {'emotion1': 'Beauty', 'emotion2': 'Joy'}, {'emotion1': 'Beauty', 'emotion2': 'Joy'}, {'emotion1': 'Beauty', 'emotion2': 'Joy'}, {'emotion1': 'Awe', 'emotion2': 'Sublime'}, {'emotion1': 'Awe', 'emotion2': 'Sublime'}, {'emotion1': 'Awe', 'emotion2': 'Sublime'}, {'emotion1': 'Awe', 'emotion2': 'Sublime'}, {'emotion1': 'Beauty', 'emotion2': 'Joy'}, {'emotion1': 'Beauty', 'emotion2': 'Joy'}]}"
Experiment A,Sonnet 54,"{'0': [{'emotion1': 'Beauty', 'emotion2': 'Joy'}, {'emotion1': 'Beauty', 'emotion2': 'Joy'}, {'emotion1': 'Beauty', 'emotion2': 'Joy'}, {'emotion1': 'Sadness'}, {'emotion1': 'Beauty', 'emotion2': 'Joy'}, {'emotion1': 'Beauty', 'emotion2': 'Joy'}, {'emotion1': 'Sadness'}, {'emotion1': 'Sadness'}, {'emotion1': 'Suspense'}, {'emotion1': 'Annoyance'}, {'emotion1': 'Annoyance'}, {'emotion1': 'Annoyance'}, {'emotion1': 'Suspense'}, {'emotion1': 'Uneasiness'}]}"
Experiment A,ODE ON SOLITUDE,"{'0': [2], '1': [2], '2': [2], '3': [{'emotion1': 'Beauty', 'emotion2': 'Joy'}, {'emotion1': 'Beauty', 'emotion2': 'Joy'}, {'emotion1': 'Beauty', 'emotion2': 'Joy'}, {'emotion1': 'Beauty', 'emotion2': 'Joy'}], '4': [2]}"
Experiment A,dying is fine)but Death,"{'0': [2], '1': [2], '2': [{'emotion1': 'Sadness', 'emotion2': None}, {'emotion1': 'Sadness', 'emotion2': None}, {'emotion1': 'Sadness', 'emotion2': None}, {'emotion1': 'Uneasiness', 'emotion2': None}], '3': [2], '4': [{'emotion1': 'Sadness', 'emotion2': None}, {'emotion1': 'Beauty', 'emotion2': 'Joy'}, {'emotion1': 'Uneasiness', 'emotion2': None}, {'emotion1': 'Uneasiness', 'emotion2': None}], '5': [1, 'Sadness', None], '6': [1], '7': [{'emotion1': 'Sadness'}], '8': [2], '9': [1, 'Uneasiness', None], '10': [{'emotion1': 'Sadness', 'emotion2': None}, {'emotion1': 'Awe/Sublime', 'emotion2': None}, {'emotion1': 'Sadness', 'emotion2': 'Uneasiness'}, {'emotion1': 'Sadness', 'emotion2': 'Uneasiness'}, {'emotion1': 'Sadness', 'emotion2': 'Uneasiness'}]}"
Experiment A,[i carry your heart with me(i carry it in],"{'0': [2], '1': [2], '2': [2], '3': [2]}"
Experiment A,THE DESCENT OF DULLNESS,"{'0': [{'emotion1': 'Beauty/Joy', 'emotion2': None}, {'emotion1': 'Humor', 'emotion2': None}, {'emotion1': 'Vitality', 'emotion2': None}, {'emotion1': 'Awe/Sublime', 'emotion2': None}, {'emotion1': 'Nostalgia', 'emotion2': 'Beauty/Joy'}, {'emotion1': 'Sadness', 'emotion2': None}, {'emotion1': 'Suspense', 'emotion2': None}, {'emotion1': 'Uneasiness', 'emotion2': None}, {'emotion1': 'Annoyance', 'emotion2': None}, {'emotion1': 'Vitality', 'emotion2': None}, {'emotion1': 'Beauty/Joy', 'emotion2': None}, {'emotion1': 'Awe/Sublime', 'emotion2': None}, {'emotion1': 'Nostalgia', 'emotion2': 'Sadness'}, {'emotion1': 'Humor', 'emotion2': None}, {'emotion1': 'Vitality', 'emotion2': None}, {'emotion1': 'Suspense', 'emotion2': None}, {'emotion1': 'Annoyance', 'emotion2': None}, {'emotion1': 'Uneasiness', 'emotion2': None}, {'emotion1': 'Beauty/Joy', 'emotion2': None}, {'emotion1': 'Awe/Sublime', 'emotion2': None}]}"
Experiment A,"I ""m nobody ! Who are you ?","{'0': [2], '1': [{'emotion1': 'Humor', 'emotion2': None}, {'emotion1': 'Humor', 'emotion2': None}, {'emotion1': 'Humor', 'emotion2': None}, {'emotion1': 'Humor', 'emotion2': None}]}"
Experiment A,The Flea,"{'0': [{'emotion1': 'Humor', 'emotion2': None}, {'emotion1': 'Humor', 'emotion2': None}, {'emotion1': 'Humor', 'emotion2': None}, {'emotion1': 'Beauty', 'emotion2': 'Joy'}, {'emotion1': 'Humor', 'emotion2': None}, {'emotion1': 'Humor', 'emotion2': None}, {'emotion1': 'Beauty', 'emotion2': 'Joy'}, {'emotion1': 'Beauty', 'emotion2': 'Joy'}, {'emotion1': 'Humor', 'emotion2': None}], '1': [{'emotion1': 'Humor', 'emotion2': None}, {'emotion1': 'Beauty', 'emotion2': 'Joy'}, {'emotion1': 'Beauty', 'emotion2': 'Joy'}, {'emotion1': 'Beauty', 'emotion2': 'Joy'}, {'emotion1': 'Humor', 'emotion2': None}, {'emotion1': 'Humor', 'emotion2': None}, {'emotion1': 'Uneasiness', 'emotion2': None}, {'emotion1': 'Uneasiness', 'emotion2': None}, {'emotion1': 'Uneasiness', 'emotion2': None}], '2': [{'emotion1': 'Annoyance', 'emotion2': None}, {'emotion1': 'Annoyance', 'emotion2': None}, {'emotion1': 'Humor', 'emotion2': None}, {'emotion1': 'Humor', 'emotion2': None}, {'emotion1': 'Beauty', 'emotion2': 'Joy'}, {'emotion1': 'Beauty', 'emotion2': 'Joy'}, {'emotion1': 'Vitality', 'emotion2': None}, {'emotion1': 'Vitality', 'emotion2': None}, {'emotion1': 'Uneasiness', 'emotion2': None}]}"
Experiment A,Song on May Morning,"{'0': [{'emotion1': 'Beauty', 'emotion2': 'Joy'}, {'emotion1': 'Beauty', 'emotion2': 'Joy'}, {'emotion1': 'Beauty', 'emotion2': 'Joy'}, {'emotion1': 'Beauty', 'emotion2': 'Joy'}, {'emotion1': 'Vitality'}, {'emotion1': 'Vitality'}, {'emotion1': 'Beauty', 'emotion2': 'Joy'}, {'emotion1': 'Beauty', 'emotion2': 'Joy'}, {'emotion1': 'Beauty', 'emotion2': 'Joy'}, {'emotion1': 'Beauty', 'emotion2': 'Joy'}]}"
Experiment A,OZYMANDIAS,"{'0': [{'emotion1': 'Awe/Sublime', 'emotion2': None}, {'emotion1': 'Awe/Sublime', 'emotion2': None}, {'emotion1': 'Awe/Sublime', 'emotion2': None}, {'emotion1': 'Sadness', 'emotion2': None}, {'emotion1': 'Uneasiness', 'emotion2': None}, {'emotion1': 'Awe/Sublime', 'emotion2': None}, {'emotion1': 'Awe/Sublime', 'emotion2': None}, {'emotion1': 'Uneasiness', 'emotion2': None}, {'emotion1': 'Suspense', 'emotion2': None}, {'emotion1': 'Awe/Sublime', 'emotion2': None}, {'emotion1': 'Awe/Sublime', 'emotion2': None}, {'emotion1': 'Sadness', 'emotion2': None}, {'emotion1': 'Sadness', 'emotion2': None}, {'emotion1': 'Awe/Sublime', 'emotion2': None}, {'emotion1': 'Awe/Sublime', 'emotion2': None}]}"
Experiment A,Desert Places,"{'0': [2], '1': [{'emotion1': 'Sadness', 'emotion2': None}, {'emotion1': 'Sadness', 'emotion2': None}, {'emotion1': 'Sadness', 'emotion2': None}, {'emotion1': 'Sadness', 'emotion2': None}], '2': [2], '3': [2]}"
Experiment A,If—,"{'0': [2], '1': [2], '2': [2], '3': [2]}"
Experiment A,A Noiseless Patient Spider,"{'0': [2], '1': [2]}"
Experiment A,LONDON,"{'0': [{'emotion1': 'Sadness'}, {'emotion1': 'Sadness'}, {'emotion1': 'Sadness'}, {'emotion1': 'Sadness'}], '1': [{'emotion1': 'Sadness', 'emotion2': 'Annoyance'}, {'emotion1': 'Sadness', 'emotion2': 'Annoyance'}, {'emotion1': 'Sadness', 'emotion2': 'Annoyance'}, {'emotion1': 'Sadness', 'emotion2': 'Annoyance'}], '2': [{'emotion1': 'Sadness', 'emotion2': 'Annoyance'}, {'emotion1': 'Sadness', 'emotion2': 'Annoyance'}, {'emotion1': 'Sadness', 'emotion2': 'Annoyance'}, {'emotion1': 'Sadness', 'emotion2': 'Annoyance'}], '3': [2]}"
Experiment A,The Young Housewife,"{'0': [{'emotion1': 'Beauty', 'emotion2': 'Joy'}, {'emotion1': 'Suspense'}, {'emotion1': 'Beauty', 'emotion2': 'Joy'}, {'emotion1': 'Nostalgia'}, {'emotion1': 'Beauty', 'emotion2': 'Joy'}, {'emotion1': 'Suspense', 'emotion2': 'Vitality'}]}"
Experiment A,I wandered lonely as a Cloud,"{'0': [{'emotion1': 'Sadness', 'emotion2': None}, {'emotion1': 'Beauty', 'emotion2': 'Joy'}, {'emotion1': 'Suspense', 'emotion2': None}, {'emotion1': 'Beauty', 'emotion2': 'Joy'}, {'emotion1': 'Beauty', 'emotion2': 'Joy'}, {'emotion1': 'Beauty', 'emotion2': 'Joy'}], '1': [2], '2': [2], '3': [2]}"
